<?xml version="1.0" encoding="utf-8" ?>
<dwsync>
<file name="Index.php" server="C:/xampp/htdocs/myprojects/" local="130751940027266921" remote="130751940020000000" />
<file name="Contactus.php" server="C:/xampp/htdocs/myprojects/" local="130751199726743665" remote="130751199720000000" />
<file name="Login.php" server="C:/xampp/htdocs/myprojects/" local="130751202189094504" remote="130751202180000000" />
<file name="Adminhome.php" server="C:/xampp/htdocs/myprojects/" local="130751407501297622" remote="130751407500000000" />
<file name="Admindistrict.php" server="C:/xampp/htdocs/myprojects/" local="130751437779279424" remote="130751437770000000" />
<file name="Doctors.php" server="C:/xampp/htdocs/myprojects/" local="130751851791556235" remote="130751851790000000" />
<file name="Registerdoctors.php" server="C:/xampp/htdocs/myprojects/" local="130751544914477912" remote="130751544910000000" />
<file name="Admindoctorslist.php" server="C:/xampp/htdocs/myprojects/" local="130751579118374263" remote="130751579110000000" />
<file name="testemail.php" server="C:/xampp/htdocs/myprojects/" local="130751902236107957" remote="130751902230000000" />
<file name="Registerhospitals.php" server="C:/xampp/htdocs/myprojects/" local="130752359704170347" remote="130752359700000000" />
<file name="Hospital.php" server="C:/xampp/htdocs/myprojects/" local="130752390889904069" remote="130752390880000000" />
<file name="Adminhospital.php" server="C:/xampp/htdocs/myprojects/" local="130752379283930246" remote="130752379280000000" />
</dwsync>